create schema KTTH_cuoi_module;
set search_path to KTTH_cuoi_module;

-- Phần 1 câu 1 Tạo bảng
CREATE TABLE Customer(
    customer_id varchar(5) primary key,
    customer_full_name varchar(100) NOT NULL,
    customer_email varchar(100) NOT NULL UNIQUE,
    customer_phone varchar(100) NOT NULL,
    customer_address varchar(100) NOT NULL
);

CREATE TABLE Room(
    room_id VARCHAR(5) PRIMARY KEY,
    room_type VARCHAR(50) NOT NULL,
    room_price DECIMAL(10,2) NOT NULL,
    room_status VARCHAR(20) NOT NULL,
    room_area INT NOT NULL
);
CREATE TABLE Booking(
    booking_id SERIAL PRIMARY KEY,
    customer_id VARCHAR(5) NOT NULL REFERENCES Customer(customer_id),
    room_id VARCHAR(5) NOT NULL REFERENCES Room(room_id),
    check_in_date DATE NOT NULL,
    check_out_date DATE NOT NULL,
    total_amount DECIMAL(10,2)
);
CREATE TABLE Payment(
    payment_id SERIAL PRIMARY KEY,
    booking_id INT NOT NULL REFERENCES Booking(booking_id),
    payment_method VARCHAR(50) NOT NULL,
    payment_date DATE NOT NULL,
    payment_amount DECIMAL(10,2) NOT NULL
);

-- Phần 1 câu 2 Chèn dữ liệu
INSERT INTO Customer(customer_id, customer_full_name,customer_email,customer_phone,customer_address)
VALUES  ('C001','Nguyen Anh Tu','tu.nguyen@example.com','0912345678','Hanoi, Vietnam'),
        ('C002','Tran Thi Mai','mai.tran@example.com','0923456789','Ho Chi Minh, Vietnam'),
        ('C003','Le Minh Hoang','hoang.le@example.com','0934567890','Danang, Vietnam'),
        ('C004','Pham Hoang Nam','nam.pham@example.com','0945678901','Hue, Vietnam'),
        ('C005','Vu Minh Thu','thu.vu@example.com','0956789012','Hai Phong, Vietnam');

INSERT INTO Room(room_id,room_type,room_price,room_status,room_area) VALUES
('R001','Single','100.0','Available',25),
('R002','Double','150.0','Booked',   40),
('R003','Suite', '250.0','Available',60),
('R004','Single','120.0','Booked',   30),
('R005','Double','160.0','Available',35);

INSERT INTO Booking(customer_id,room_id,check_in_date,check_out_date,total_amount) VALUES
('C001','R001','2025-03-01','2025-03-05',400.0),
('C002','R002','2025-03-02','2025-03-06',600.0),
('C003','R003','2025-03-03','2025-03-07',1000.0),
('C004','R004','2025-03-04','2025-03-08',480.0),
('C005','R005','2025-03-05','2025-03-09',800.0);

INSERT INTO Payment(booking_id,payment_method,payment_date,payment_amount) VALUES
(1,'Cash',         '2025-03-05',400.0),
(2,'Credit Card',  '2025-03-06',600.0),
(3,'Bank Transfer','2025-03-07',1000.0),
(4,'Cash',         '2025-03-08',480.0),
(5,'Credit Card',  '2025-03-09',800.0);


--Phần 1 câu 3 Cập nhật dữ liệu
UPDATE Booking SET total_amount = (check_out_date - check_in_date) * (SELECT room_price
                                                                      FROM Room
                                                                      WHERE Booking.room_id = Room.room_id)
WHERE check_in_date < CURRENT_DATE AND (SELECT room_status FROM room WHERE Booking.room_id = Room.room_id) = 'Booked';
SELECT * FROM Booking;

--Phần 1 câu 4 Xóa dữ liệu
DELETE FROM Payment where payment_method = 'Cash' and payment_amount < 500;
SELECT * FROM Payment;

--Phần 2 câu 5 Lấy thông tin khách hàng gồm mã khách hàng, họ tên, email, số điện thoại và địa chỉ được sắp xếp theo họ tên khách hàng tăng dần
SELECT customer_id, customer_full_name,customer_email,customer_phone,customer_address
FROM Customer
ORDER BY customer_full_name;

--Câu 6 Lấy thông tin các phòng khách sạn gồm mã phòng, loại phòng, giá phòng và diện tích phòng, sắp xếp theo giá phòng giảm dần
SELECT room_id,room_type,room_price,room_area
FROM Room
ORDER BY room_price DESC;

--câu 7 Lấy thông tin khách hàng và phòng khách sạn đã đặt, gồm mã khách hàng, họ tên khách hàng, mã phòng, ngày nhận phòng và ngày trả phòng
SELECT c.customer_id,c.customer_full_name,b.room_id,b.check_in_date,b.check_out_date
FROM Customer c JOIN Booking b ON c.customer_id = b.customer_id;

--câu 8 Lấy danh sách khách hàng và tổng tiền đã thanh toán khi đặt phòng, gồm mã khách hàng, họ tên khách hàng, phương thức thanh toán và số tiền thanh toán, sắp xếp theo số tiền thanh toán giảm dần.
SELECT c.customer_id,c.customer_full_name, p.payment_method,b.total_amount
FROM Customer c LEFT JOIN Booking b ON c.customer_id = b.customer_id LEFT JOIN Payment p ON b.booking_id = p.booking_id
ORDER BY b.total_amount DESC;

--câu 9 Lấy thông tin khách hàng từ vị trí thứ 2 đến thứ 4 trong bảng Customer được sắp xếp theo tên khách hàng.
SELECT customer_id,customer_full_name,customer_email,customer_phone,customer_address
FROM Customer
ORDER BY customer_full_name
LIMIT(3)
OFFSET(1);

-- câu 10 Lấy danh sách khách hàng đã đặt ít nhất 2 phòng và có tổng số tiền thanh toán trên 1000, gồm mã khách hàng, họ tên khách hàng và số lượng phòng đã đặt
SELECT b.customer_id, c.customer_full_name,COUNT(b.room_id)
FROM Customer c JOIN Booking b ON c.customer_id = b.customer_id
GROUP BY b.customer_id,c.customer_full_name
HAVING COUNT(b.customer_id) >=2 and SUM(B.total_amount) >1000;

--câu 11 Lấy danh sách các phòng có tổng số tiền thanh toán dưới 1000 và có ít nhất 3 khách hàng đặt, gồm mã phòng, loại phòng, giá phòng và tổng số tiền thanh toán
SELECT r.room_id,r.room_type,r.room_price,SUM(b.total_amount) AS "Tổng số tiền thanh toán"
FROM Room r JOIN Booking b ON r.room_id = b.room_id JOIN Payment P on b.booking_id = P.booking_id
GROUP BY r.room_id
HAVING SUM(p.payment_amount) < 1000 and COUNT(b.customer_id) >=3; -- Đổi sang >=1 để thấy dễ hơn, do yêu cầu đề bài không khớp với dữ liệu được insert. Ngôaif ra thì trước đấy còn có yêu cầu delete vài payment nên sẽ select ra < 5

-- câu 12 Lấy danh sách các khách hàng có tổng số tiền thanh toán lớn hơn 1000, gồm mã khách hàng, họ tên khách hàng, mã phòng, tổng số tiền thanh toán.
SELECT c.customer_id,c.customer_full_name,b.room_id,b.total_amount
FROM Customer c JOIN Booking b ON c.customer_id = b.customer_id
WHERE b.total_amount >1000; -- Yêu cầu đề bài là lớn hơn 1000 chứ không phải lớn hơn hoặc bằng

--cây 13 Lấy danh sách các khách hàng Mmã KH, Họ tên, Email, SĐT) có họ tên chứa chữ "Minh" hoặc địa chỉ (address) ở "Hanoi". Sắp xếp kết quả theo họ tên tăng dần
SELECT customer_id,customer_full_name,customer_email,customer_phone
FROM Customer
WHERE customer_full_name LIKE '%Minh%' OR customer_address LIKE '%Hanoi%';

--câu 14 Lấy danh sách tất cả các phòng (Mã phòng, Loại phòng, Giá), sắp xếp theo giá phòng giảm dần. Hiển thị 5 phòng tiếp theo sau 5 phòng đầu tiên (tức là lấy kết quả của trang thứ 2, biết mỗi trang có 5 phòng).
SELECT room_id,room_type,room_price
FROM Room
ORDER BY room_price DESC
LIMIT(5)
OFFSET(5);

-- Phần 3 câu 15 Hãy tạo một view để lấy thông tin các phòng và khách hàng đã đặt, với điều kiện ngày nhận phòng nhỏ hơn ngày 2025-03-10. Cần hiển thị các thông tin sau: Mã phòng, Loại phòng, Mã khách hàng, họ tên khách hàng
CREATE VIEW vw_booking AS
SELECT b.room_id,r.room_type,c.customer_id,c.customer_full_name
FROM Customer c JOIN Booking b ON c.customer_id = b.customer_id JOIN Room r ON b.room_id = r.room_id
WHERE b.check_in_date < '2025-03-10';

SELECT * FROM vw_booking;

-- câu 16 Hãy tạo một view để lấy thông tin khách hàng và phòng đã đặt, với điều kiện diện tích phòng lớn hơn 30 m². Cần hiển thị các thông tin sau: Mã khách hàng, Họ tên khách hàng, Mã phòng, Diện tích phòng
CREATE VIEW vw_customer_room_area AS
SELECT c.customer_id,c.customer_full_name,r.room_id,r.room_area
FROM Customer c JOIN Booking b ON c.customer_id = b.customer_id JOIN Room r ON b.room_id = r.room_id
WHERE r.room_area >30;

SELECT * FROM vw_customer_room_area;

-- Phần 4 câu 17 Hãy tạo một trigger check_insert_booking để kiểm tra dữ liệu mối khi chèn vào bảng Booking. Kiểm tra nếu ngày đặt phòng mà sau ngày trả phòng thì thông báo lỗi với nội dung “Ngày đặt phòng không thể sau ngày trả phòng được !” và hủy thao tác chèn dữ liệu vào bảng
CREATE OR REPLACE FUNCTION trigger_check_insert_booking()
RETURNS TRIGGER
AS $$
BEGIN
    IF new.check_in_date < new.check_out_date THEN
        RETURN NEW;
    ELSE
        RAISE EXCEPTION 'Ngày đặt phòng không thể sau ngày trả phòng được !';
    END if;
END;
$$ LANGUAGE PLPGSQL;

CREATE OR REPLACE TRIGGER check_insert_booking BEFORE INSERT ON Booking
FOR EACH ROW
EXECUTE FUNCTION trigger_check_insert_booking();

--Test trigger: INSERT INTO Booking(customer_id,room_id,check_in_date,check_out_date,total_amount) VALUES (5,5,'2023-01-01','2019-01-01',500.00)

-- pHẦN 4 CÂU 18 Hãy tạo một trigger có tên là update_room_status_on_booking để tự động cập nhật trạng thái phòng thành "Booked" khi một phòng được đặt (khi có bản ghi được INSERT vào bảng Booking).
CREATE OR REPLACE FUNCTION trigger_update_room_status_on_booking()
RETURNS TRIGGER
AS $$
BEGIN
    UPDATE Room SET room_status = 'Booked' WHERE room_id = new.room_id;
    RETURN new;
END;
$$ LANGUAGE PLPGSQL;

CREATE OR REPLACE TRIGGER update_room_status_on_booking AFTER INSERT ON Booking
FOR EACH ROW
EXECUTE FUNCTION trigger_update_room_status_on_booking();

-- TEST: INSERT INTO Booking(customer_id,room_id,check_in_date,check_out_date,total_amount) VALUES ('C001','R005','2025-03-01','2025-03-05',400.0)
-- SELECT * FROM booking;

-- Phần 5 câu 19 Viết store procedure có tên add_customer để thêm mới một khách hàng với đầy đủ các thông tin cần thiết
CREATE OR REPLACE PROCEDURE add_customer(input_customer_id VARCHAR(5),
                                         input_customer_full_name VARCHAR(100),
                                         input_customer_email VARCHAR(100),
                                         input_customer_phone VARCHAR(100),
                                         input_customer_address VARCHAR(100)) LANGUAGE PLPGSQL
AS $$
BEGIN
    INSERT INTO Customer(customer_id,customer_full_name,customer_email,customer_phone,customer_address) VALUES (input_customer_id,input_customer_full_name,input_customer_email,input_customer_phone,input_customer_address);
END;
$$;
--CALL add_customer('C006','Nguyễn A','A@gmail.com','01123','Hanoi, VietNam');
--SELECT * FROM Customer;
--DELETE FROM Customer WHERE Customer_id ='C006';

-- Phần 5 câu 20 Hãy tạo một Stored Procedure  có tên là add_payment để thực hiện việc thêm một thanh toán mới cho một lần đặt phòng
CREATE OR REPLACE PROCEDURE add_payment(p_booking_id INT,p_payment_method VARCHAR(50),p_payment_amount DECIMAL(10,2),p_payment_date DATE) LANGUAGE PLPGSQL
AS $$
BEGIN
    INSERT INTO Payment(booking_id,payment_method,payment_date,payment_amount) VALUES (p_booking_id,p_payment_method,p_payment_date,p_payment_amount);
END;
$$;
-- SELECT * FROM Payment;
-- CALL add_payment(5,'Cash',800,'2025-03-09');
-- SELECT * FROM Payment;
-- DELETE FROM Payment WHERE payment_id =6;
